Timestamp,SubjectID,Condition,Task,Group,CurrentTargetIndex,TargetName,TrialDuration,LastTargetPosX,LastTargetPosY,CurrentTargetPosX,CurrentTargetPosY,MousePosX,MousePosY,TargetIsHovered,Distance,TargetSize
638397577965021671,0,0,0,0,0,Target-0-100-20_0,65611,0,0,-100,0,5,121,2697,564,6908,False,606,0293,10
638397577971847699,0,0,0,0,0,Target-0-100-20_0,6891639,0,0,-100,0,5,120,8222,565,121,False,606,2667,10
638397577972399632,0,0,0,0,0,Target-0-100-20_0,7443572,0,0,-100,0,5,120,8222,565,121,False,606,2667,10
638397577972656798,0,0,0,0,0,Target-0-100-20_0,7700738,0,0,-100,0,5,120,8222,565,121,False,606,2667,10
638397577972748143,0,0,0,0,0,Target-0-100-20_0,7792083,0,0,-100,0,5,120,8222,565,121,False,606,2667,10
638397577972873479,0,0,0,0,0,Target-0-100-20_0,7917419,0,0,-100,0,5,120,8222,565,121,False,606,2667,10
638397577972978761,0,0,0,0,0,Target-0-100-20_0,8022701,0,0,-100,0,5,120,8222,565,121,False,606,2667,10
638397577974207552,0,0,0,0,0,Target-0-100-20_0,9251492,0,0,-100,0,5,-17,45208,332,7028,False,342,3052,10
638397577974232581,0,0,0,0,0,Target-0-100-20_0,9276521,0,0,-100,0,5,-20,13703,314,6257,False,324,1189,10
638397577974844607,0,0,0,0,0,Target-0-100-20_0,9888547,0,0,-100,0,5,-29,53432,252,6475,False,261,8086,10
638397577974859666,0,0,0,0,0,Target-0-100-20_0,9903606,0,0,-100,0,5,-68,46588,56,38299,False,64,16627,10
638397577974964178,0,0,0,0,0,Target-0-100-20_0,10008118,0,0,-100,0,5,-75,17822,39,59722,False,46,31105,10
638397577975079500,0,0,0,0,0,Target-0-100-20_0,10123440,0,0,-100,0,5,-81,89056,27,97631,False,32,90744,10
638397577975185512,0,0,0,0,0,Target-0-100-20_0,10229452,0,0,-100,0,5,-84,57551,20,22897,False,25,04291,10
638397577975296282,0,0,0,0,0,Target-0-100-20_0,10340222,0,0,-100,0,5,-87,26045,15,06412,False,19,34967,10
638397577975421621,0,0,0,0,0,Target-0-100-20_0,10465561,0,0,-100,0,5,-89,94541,9,899255,False,13,76375,10
638397577975522146,0,0,0,0,0,Target-0-100-20_0,10566086,0,0,-100,0,5,-92,63036,7,316876,True,10,039,10
638397577975633842,0,0,0,0,1,Target-0-100-20_1,10677782,0,0,-100,0,5,-93,9728,4,734497,True,7,366009,10
638397577975749887,0,0,0,0,1,Target-0-100-20_1,10793827,-100,0,5,100,0,5,-96,65775,2,152012,False,196,6647,10
638397577975850737,0,0,0,0,1,Target-0-100-20_1,10894677,-100,0,5,100,0,5,-98,0002,0,8608231,False,198,0005,10
638397577975964862,0,0,0,0,1,Target-0-100-20_1,11008802,-100,0,5,100,0,5,-98,0002,0,8608231,False,198,0005,10
638397577976075134,0,0,0,0,1,Target-0-100-20_1,11119074,-100,0,5,100,0,5,-98,0002,0,8608231,False,198,0005,10
638397577976187233,0,0,0,0,1,Target-0-100-20_1,11231173,-100,0,5,100,0,5,-98,0002,0,8608231,False,198,0005,10
638397577976292946,0,0,0,0,1,Target-0-100-20_1,11336886,-100,0,5,100,0,5,-98,0002,0,8608231,False,198,0005,10
638397577976403933,0,0,0,0,1,Target-0-100-20_1,11447873,-100,0,5,100,0,5,-98,0002,0,8608231,False,198,0005,10
638397577976519403,0,0,0,0,1,Target-0-100-20_1,11563343,-100,0,5,100,0,5,-98,0002,0,8608231,False,198,0005,10
638397577976629852,0,0,0,0,1,Target-0-100-20_1,11673792,-100,0,5,100,0,5,-98,0002,0,8608231,False,198,0005,10
638397577976742456,0,0,0,0,1,Target-0-100-20_1,11786396,-100,0,5,100,0,5,-98,0002,0,8608231,False,198,0005,10
638397577976850758,0,0,0,0,1,Target-0-100-20_1,11894698,-100,0,5,100,0,5,-98,0002,0,8608231,False,198,0005,10
638397577976962189,0,0,0,0,1,Target-0-100-20_1,12006129,-100,0,5,100,0,5,-98,0002,0,8608231,False,198,0005,10
638397577977072911,0,0,0,0,1,Target-0-100-20_1,12116851,-100,0,5,100,0,5,-98,0002,0,8608231,False,198,0005,10
638397577977186186,0,0,0,0,1,Target-0-100-20_1,12230126,-100,0,5,100,0,5,-98,0002,0,8608231,False,198,0005,10
638397577977298067,0,0,0,0,1,Target-0-100-20_1,12342007,-100,0,5,100,0,5,-98,0002,0,8608231,False,198,0005,10
638397577977409293,0,0,0,0,1,Target-0-100-20_1,12453233,-100,0,5,100,0,5,-98,0002,0,8608231,False,198,0005,10
638397577977520678,0,0,0,0,1,Target-0-100-20_1,12564618,-100,0,5,100,0,5,-98,0002,0,8608231,False,198,0005,10
638397577977627050,0,0,0,0,1,Target-0-100-20_1,12670990,-100,0,5,100,0,5,-98,0002,0,8608231,False,198,0005,10
638397577977740632,0,0,0,0,1,Target-0-100-20_1,12784572,-100,0,5,100,0,5,-98,0002,0,8608231,False,198,0005,10
638397577977851525,0,0,0,0,1,Target-0-100-20_1,12895465,-100,0,5,100,0,5,-98,0002,0,8608231,False,198,0005,10
638397577977961998,0,0,0,0,1,Target-0-100-20_1,13005938,-100,0,5,100,0,5,-98,0002,0,8608231,False,198,0005,10
638397577978077952,0,0,0,0,1,Target-0-100-20_1,13121892,-100,0,5,100,0,5,-98,0002,0,8608231,False,198,0005,10
638397577978188627,0,0,0,0,1,Target-0-100-20_1,13232567,-100,0,5,100,0,5,-98,0002,0,8608231,False,198,0005,10
638397577978296611,0,0,0,0,1,Target-0-100-20_1,13340551,-100,0,5,100,0,5,-98,0002,0,8608231,False,198,0005,10
638397577978407717,0,0,0,0,1,Target-0-100-20_1,13451657,-100,0,5,100,0,5,-98,0002,0,8608231,False,198,0005,10
638397577978518195,0,0,0,0,1,Target-0-100-20_1,13562135,-100,0,5,100,0,5,-98,0002,0,8608231,False,198,0005,10
638397577978628565,0,0,0,0,1,Target-0-100-20_1,13672505,-100,0,5,100,0,5,-98,0002,0,8608231,False,198,0005,10
638397577978744026,0,0,0,0,1,Target-0-100-20_1,13787966,-100,0,5,100,0,5,-98,0002,0,8608231,False,198,0005,10
638397577978854514,0,0,0,0,1,Target-0-100-20_1,13898454,-100,0,5,100,0,5,-98,0002,0,8608231,False,198,0005,10
638397577978967366,0,0,0,0,1,Target-0-100-20_1,14011306,-100,0,5,100,0,5,-98,0002,0,8608231,False,198,0005,10
638397577979080095,0,0,0,0,1,Target-0-100-20_1,14124035,-100,0,5,100,0,5,-98,0002,0,8608231,False,198,0005,10
638397577979185797,0,0,0,0,1,Target-0-100-20_1,14229737,-100,0,5,100,0,5,-98,0002,0,8608231,False,198,0005,10
638397577979296201,0,0,0,0,1,Target-0-100-20_1,14340141,-100,0,5,100,0,5,-96,65775,-0,4303669,False,196,6599,10
638397577979406605,0,0,0,0,1,Target-0-100-20_1,14450545,-100,0,5,100,0,5,-92,63036,-0,4303669,False,192,6326,10
638397577979522576,0,0,0,0,1,Target-0-100-20_1,14566516,-100,0,5,100,0,5,-84,57551,-1,721653,False,184,5889,10
638397577979633464,0,0,0,0,1,Target-0-100-20_1,14677404,-100,0,5,100,0,5,-76,52072,-3,012843,False,176,5557,10
638397577979745939,0,0,0,0,1,Target-0-100-20_1,14789879,-100,0,5,100,0,5,-61,75353,-3,012843,False,161,7917,10
638397577979852222,0,0,0,0,1,Target-0-100-20_1,14896162,-100,0,5,100,0,5,-49,67135,-3,012843,False,149,7126,10
638397577979962608,0,0,0,0,1,Target-0-100-20_1,15006548,-100,0,5,100,0,5,-33,56172,-3,012843,False,133,6079,10
638397577980073005,0,0,0,0,1,Target-0-100-20_1,15116945,-100,0,5,100,0,5,-20,13703,-3,012843,False,120,1884,10
638397577980183402,0,0,0,0,1,Target-0-100-20_1,15227342,-100,0,5,100,0,5,-4,027396,-3,012843,False,104,0867,10
638397577980308881,0,0,0,0,1,Target-0-100-20_1,15352821,-100,0,5,100,0,5,13,42469,-4,304037,False,86,7085,10
638397577980409164,0,0,0,0,1,Target-0-100-20_1,15453104,-100,0,5,100,0,5,26,84937,-4,304037,False,73,3082,10
638397577980517939,0,0,0,0,1,Target-0-100-20_1,15561879,-100,0,5,100,0,5,44,3015,-5,595226,False,56,03101,10
638397577980618225,0,0,0,0,1,Target-0-100-20_1,15662165,-100,0,5,100,0,5,57,72619,-5,595226,False,42,71096,10
638397577980742285,0,0,0,0,1,Target-0-100-20_1,15786225,-100,0,5,100,0,5,71,15088,-5,595226,False,29,48599,10
638397577980847740,0,0,0,0,1,Target-0-100-20_1,15891680,-100,0,5,100,0,5,81,89056,-5,595226,False,19,10768,10
638397577980965372,0,0,0,0,1,Target-0-100-20_1,16009312,-100,0,5,100,0,5,93,9728,-6,886416,True,9,533429,10
638397577981075797,0,0,0,0,2,Target-0-100-20_2,16119737,-100,0,5,100,0,5,106,055,-8,177703,True,10,5814,10
638397577981186741,0,0,0,0,2,Target-0-100-20_2,16230681,100,0,5,-100,0,5,119,4797,-9,468896,False,219,706,10
638397577981301995,0,0,0,0,2,Target-0-100-20_2,16345935,100,0,5,-100,0,5,131,562,-10,76009,False,231,8356,10
638397577981407789,0,0,0,0,2,Target-0-100-20_2,16451729,100,0,5,-100,0,5,138,2743,-10,76009,False,238,5402,10
638397577981518665,0,0,0,0,2,Target-0-100-20_2,16562605,100,0,5,-100,0,5,142,3016,-10,76009,False,242,5631,10
638397577981631548,0,0,0,0,2,Target-0-100-20_2,16675488,100,0,5,-100,0,5,142,3016,-10,76009,False,242,5631,10
638397577981747928,0,0,0,0,2,Target-0-100-20_2,16791868,100,0,5,-100,0,5,140,9592,-12,05137,False,241,2859,10
638397577981853227,0,0,0,0,2,Target-0-100-20_2,16897167,100,0,5,-100,0,5,136,9318,-12,05137,False,237,264,10
638397577981969219,0,0,0,0,2,Target-0-100-20_2,17013159,100,0,5,-100,0,5,130,2194,-13,34256,False,230,6352,10
638397577982080174,0,0,0,0,2,Target-0-100-20_2,17124114,100,0,5,-100,0,5,116,7947,-14,63376,False,217,3223,10
638397577982190498,0,0,0,0,2,Target-0-100-20_2,17234438,100,0,5,-100,0,5,100,6851,-14,63376,False,201,255,10
638397577982301892,0,0,0,0,2,Target-0-100-20_2,17345832,100,0,5,-100,0,5,76,52067,-14,63376,False,177,1682,10
638397577982409449,0,0,0,0,2,Target-0-100-20_2,17453389,100,0,5,-100,0,5,44,3015,-14,63376,False,145,0929,10
638397577982519814,0,0,0,0,2,Target-0-100-20_2,17563754,100,0,5,-100,0,5,-5,369895,-12,05137,False,95,45885,10
638397577982620558,0,0,0,0,2,Target-0-100-20_2,17664498,100,0,5,-100,0,5,-55,04119,-9,468896,False,46,05077,10
638397577982746233,0,0,0,0,2,Target-0-100-20_2,17790173,100,0,5,-100,0,5,-116,7948,-9,468896,False,19,53058,10
638397577982852228,0,0,0,0,2,Target-0-100-20_2,17896168,100,0,5,-100,0,5,-157,0688,-9,468896,False,57,933,10
638397577982963497,0,0,0,0,2,Target-0-100-20_2,18007437,100,0,5,-100,0,5,-185,2607,-14,63376,False,86,59341,10
638397577983079110,0,0,0,0,2,Target-0-100-20_2,18123050,100,0,5,-100,0,5,-197,3429,-18,50742,False,99,1813,10
638397577983185183,0,0,0,0,2,Target-0-100-20_2,18229123,100,0,5,-100,0,5,-197,3429,-21,0898,False,99,70841,10
638397577983300656,0,0,0,0,2,Target-0-100-20_2,18344596,100,0,5,-100,0,5,-197,3429,-21,0898,False,99,70841,10
638397577983403823,0,0,0,0,2,Target-0-100-20_2,18447763,100,0,5,-100,0,5,-193,3156,-22,38099,False,96,07983,10
638397577983515912,0,0,0,0,2,Target-0-100-20_2,18559852,100,0,5,-100,0,5,-178,5484,-22,38099,False,81,8131,10
638397577983620449,0,0,0,0,2,Target-0-100-20_2,18664389,100,0,5,-100,0,5,-153,0414,-22,38099,False,57,7662,10
638397577983741492,0,0,0,0,2,Target-0-100-20_2,18785432,100,0,5,-100,0,5,-103,3701,-19,79861,True,20,57647,10
638397577983846784,0,0,0,0,2,Target-0-100-20_2,18890724,100,0,5,-100,0,5,-51,0138,-15,92494,False,51,6665,10
638397577983967763,0,0,0,0,2,Target-0-100-20_2,19011703,100,0,5,-100,0,5,17,45214,-14,63376,False,118,4231,10
638397577984083133,0,0,0,0,2,Target-0-100-20_2,19127073,100,0,5,-100,0,5,80,54811,-12,05137,False,180,9839,10
638397577984187992,0,0,0,0,2,Target-0-100-20_2,19231932,100,0,5,-100,0,5,124,8496,-10,76009,False,225,1314,10
638397577984293994,0,0,0,0,2,Target-0-100-20_2,19337934,100,0,5,-100,0,5,161,0962,-9,468896,False,261,2865,10
638397577984404378,0,0,0,0,2,Target-0-100-20_2,19448318,100,0,5,-100,0,5,189,288,-9,468896,False,289,4597,10
638397577984529849,0,0,0,0,2,Target-0-100-20_2,19573789,100,0,5,-100,0,5,202,7127,-9,468896,False,302,8768,10
638397577984630981,0,0,0,0,2,Target-0-100-20_2,19674921,100,0,5,-100,0,5,205,3977,-10,76009,False,305,6053,10
638397577984737125,0,0,0,0,2,Target-0-100-20_2,19781065,100,0,5,-100,0,5,202,7127,-10,76009,False,302,9221,10
638397577984862833,0,0,0,0,2,Target-0-100-20_2,19906773,100,0,5,-100,0,5,193,3155,-12,05137,False,293,5839,10
638397577984963515,0,0,0,0,2,Target-0-100-20_2,20007455,100,0,5,-100,0,5,175,8634,-13,34256,False,276,2104,10
638397577985079592,0,0,0,0,2,Target-0-100-20_2,20123532,100,0,5,-100,0,5,144,9866,-12,05137,False,245,3079,10
638397577985184946,0,0,0,0,2,Target-0-100-20_2,20228886,100,0,5,-100,0,5,108,7399,-8,177703,False,208,9202,10
638397577985300347,0,0,0,0,2,Target-0-100-20_2,20344287,100,0,5,-100,0,5,59,06864,-3,012843,False,159,1074,10
638397577985407957,0,0,0,0,2,Target-0-100-20_2,20451897,100,0,5,-100,0,5,12,08224,-0,4303669,False,112,0861,10
638397577985520206,0,0,0,0,2,Target-0-100-20_2,20564146,100,0,5,-100,0,5,-49,67135,4,734497,False,50,50648,10
638397577985621084,0,0,0,0,2,Target-0-100-20_2,20665024,100,0,5,-100,0,5,-99,3427,7,316876,True,6,848492,10
638397577985750359,0,0,0,0,2,Target-0-100-20_2,20794299,100,0,5,-100,0,5,-143,6442,8,608066,False,44,39092,10
638397577985845793,0,0,0,0,2,Target-0-100-20_2,20889733,100,0,5,-100,0,5,-162,4387,7,316876,False,62,80971,10
638397577985961871,0,0,0,0,2,Target-0-100-20_2,21005811,100,0,5,-100,0,5,-165,1236,4,734497,False,65,26115,10
638397577986082296,0,0,0,0,2,Target-0-100-20_2,21126236,100,0,5,-100,0,5,-162,4387,4,734497,False,62,58212,10
638397577986182639,0,0,0,0,2,Target-0-100-20_2,21226579,100,0,5,-100,0,5,-151,6989,3,44321,False,51,78264,10
638397577986303085,0,0,0,0,2,Target-0-100-20_2,21347025,100,0,5,-100,0,5,-127,5345,4,734497,False,27,85822,10
638397577986398934,0,0,0,0,2,Target-0-100-20_2,21442874,100,0,5,-100,0,5,-89,94541,7,316876,False,12,14761,10
638397577986520078,0,0,0,0,2,Target-0-100-20_2,21564018,100,0,5,-100,0,5,-33,56172,9,899255,False,67,09985,10
638397577986629581,0,0,0,0,2,Target-0-100-20_2,21673521,100,0,5,-100,0,5,16,10958,12,48173,False,116,7262,10
638397577986743182,0,0,0,0,2,Target-0-100-20_2,21787122,100,0,5,-100,0,5,83,233,12,48173,False,183,6243,10
638397577986850753,0,0,0,0,2,Target-0-100-20_2,21894693,100,0,5,-100,0,5,132,9044,12,48173,False,233,2124,10
638397577986961587,0,0,0,0,2,Target-0-100-20_2,22005527,100,0,5,-100,0,5,189,288,12,48173,False,289,536,10
638397577987082727,0,0,0,0,2,Target-0-100-20_2,22126667,100,0,5,-100,0,5,229,5621,12,48173,False,329,7799,10
638397577987188093,0,0,0,0,2,Target-0-100-20_2,22232033,100,0,5,-100,0,5,252,3841,11,19054,False,352,5463,10
638397577987303557,0,0,0,0,2,Target-0-100-20_2,22347497,100,0,5,-100,0,5,265,8088,9,899255,False,365,9296,10
638397577987405930,0,0,0,0,2,Target-0-100-20_2,22449870,100,0,5,-100,0,5,267,1513,8,608066,False,367,2408,10
638397577987518672,0,0,0,0,2,Target-0-100-20_2,22562612,100,0,5,-100,0,5,261,7814,7,316876,False,361,8456,10
638397577987633234,0,0,0,0,2,Target-0-100-20_2,22677174,100,0,5,-100,0,5,248,3567,4,734497,False,348,3824,10
638397577987743772,0,0,0,0,2,Target-0-100-20_2,22787712,100,0,5,-100,0,5,217,4799,-0,4303669,False,317,4812,10
638397577987845379,0,0,0,0,2,Target-0-100-20_2,22889319,100,0,5,-100,0,5,179,8908,-1,721653,False,279,8996,10
638397577987965758,0,0,0,0,2,Target-0-100-20_2,23009698,100,0,5,-100,0,5,118,1373,-0,4303669,False,218,1393,10
638397577988071580,0,0,0,0,2,Target-0-100-20_2,23115520,100,0,5,-100,0,5,57,72619,2,152012,False,157,7348,10
638397577988188039,0,0,0,0,2,Target-0-100-20_2,23231979,100,0,5,-100,0,5,-14,76713,8,608066,False,85,61765,10
638397577988298948,0,0,0,0,2,Target-0-100-20_2,23342888,100,0,5,-100,0,5,-80,54811,9,899255,False,21,60375,10
638397577988405389,0,0,0,0,2,Target-0-100-20_2,23449329,100,0,5,-100,0,5,-122,1646,9,899255,False,24,07523,10
638397577988521490,0,0,0,0,2,Target-0-100-20_2,23565430,100,0,5,-100,0,5,-149,014,8,608066,False,49,6801,10
638397577988621769,0,0,0,0,2,Target-0-100-20_2,23665709,100,0,5,-100,0,5,-158,4113,7,316876,False,58,80772,10
638397577988743547,0,0,0,0,2,Target-0-100-20_2,23787487,100,0,5,-100,0,5,-159,7538,7,316876,False,60,14137,10
638397577988849297,0,0,0,0,2,Target-0-100-20_2,23893237,100,0,5,-100,0,5,-157,0688,7,316876,False,57,47454,10
638397577988959666,0,0,0,0,2,Target-0-100-20_2,24003606,100,0,5,-100,0,5,-140,9592,7,316876,False,41,52259,10
638397577989070177,0,0,0,0,2,Target-0-100-20_2,24114117,100,0,5,-100,0,5,-114,1098,7,316876,False,15,67026,10
638397577989186596,0,0,0,0,2,Target-0-100-20_2,24230536,100,0,5,-100,0,5,-60,41109,9,899255,False,40,68941,10
638397577989302516,0,0,0,0,2,Target-0-100-20_2,24346456,100,0,5,-100,0,5,6,712343,9,899255,False,107,1255,10
638397577989403478,0,0,0,0,2,Target-0-100-20_2,24447418,100,0,5,-100,0,5,67,12344,9,899255,False,167,3875,10
638397577989520250,0,0,0,0,2,Target-0-100-20_2,24564190,100,0,5,-100,0,5,132,9044,9,899255,False,233,094,10
638397577989632539,0,0,0,0,2,Target-0-100-20_2,24676479,100,0,5,-100,0,5,182,5757,7,316876,False,282,6579,10
638397577989748465,0,0,0,0,2,Target-0-100-20_2,24792405,100,0,5,-100,0,5,233,5896,4,734497,False,333,6165,10
638397577989843819,0,0,0,0,2,Target-0-100-20_2,24887759,100,0,5,-100,0,5,267,1513,4,734497,False,367,1757,10
638397577989969323,0,0,0,0,2,Target-0-100-20_2,25013263,100,0,5,-100,0,5,294,0006,2,152012,False,394,0041,10
638397577990079649,0,0,0,0,2,Target-0-100-20_2,25123589,100,0,5,-100,0,5,310,1102,-0,4303669,False,410,1113,10
638397577990186340,0,0,0,0,2,Target-0-100-20_2,25230280,100,0,5,-100,0,5,315,4801,-0,4303669,False,415,4812,10
638397577990302124,0,0,0,0,2,Target-0-100-20_2,25346064,100,0,5,-100,0,5,314,1377,-0,4303669,False,414,1387,10
638397577990402503,0,0,0,0,2,Target-0-100-20_2,25446443,100,0,5,-100,0,5,310,1102,-0,4303669,False,410,1113,10
638397577990522926,0,0,0,0,2,Target-0-100-20_2,25566866,100,0,5,-100,0,5,291,3157,-1,721653,False,391,322,10
638397577990629578,0,0,0,0,2,Target-0-100-20_2,25673518,100,0,5,-100,0,5,263,1238,-1,721653,False,363,1306,10
638397577990745316,0,0,0,0,2,Target-0-100-20_2,25789256,100,0,5,-100,0,5,216,1374,-1,721653,False,316,1452,10
638397577990852263,0,0,0,0,2,Target-0-100-20_2,25896203,100,0,5,-100,0,5,165,1237,-0,4303669,False,265,1253,10
638397577990962759,0,0,0,0,2,Target-0-100-20_2,26006699,100,0,5,-100,0,5,92,63036,2,152012,False,192,6374,10
638397577991074060,0,0,0,0,2,Target-0-100-20_2,26118000,100,0,5,-100,0,5,22,82192,6,025686,False,122,9462,10
638397577991189553,0,0,0,0,2,Target-0-100-20_2,26233493,100,0,5,-100,0,5,-61,75353,8,608066,False,39,09646,10
638397577991305278,0,0,0,0,2,Target-0-100-20_2,26349218,100,0,5,-100,0,5,-140,9592,9,899255,False,42,02383,10
638397577991404215,0,0,0,0,2,Target-0-100-20_2,26448155,100,0,5,-100,0,5,-194,658,9,899255,False,95,1235,10
638397577991519616,0,0,0,0,2,Target-0-100-20_2,26563556,100,0,5,-100,0,5,-232,2471,9,899255,False,132,5807,10
638397577991630079,0,0,0,0,2,Target-0-100-20_2,26674019,100,0,5,-100,0,5,-245,6718,7,316876,False,145,8312,10
638397577991742177,0,0,0,0,2,Target-0-100-20_2,26786117,100,0,5,-100,0,5,-248,3568,6,025686,False,148,4596,10
638397577991855316,0,0,0,0,2,Target-0-100-20_2,26899256,100,0,5,-100,0,5,-240,302,4,734497,False,140,3658,10
638397577991960679,0,0,0,0,2,Target-0-100-20_2,27004619,100,0,5,-100,0,5,-214,795,3,44321,False,114,8328,10
638397577992081195,0,0,0,0,2,Target-0-100-20_2,27125135,100,0,5,-100,0,5,-165,1236,3,44321,False,65,1901,10
638397577992186456,0,0,0,0,2,Target-0-100-20_2,27230396,100,0,5,-100,0,5,-110,0824,3,44321,False,10,50324,10
638397577992302177,0,0,0,0,2,Target-0-100-20_2,27346117,100,0,5,-100,0,5,-30,87677,4,734497,False,69,25281,10
638397577992407385,0,0,0,0,2,Target-0-100-20_2,27451325,100,0,5,-100,0,5,34,90416,3,44321,False,134,9363,10
638397577992520712,0,0,0,0,2,Target-0-100-20_2,27564652,100,0,5,-100,0,5,114,1098,-0,4303669,False,214,1118,10
638397577992628857,0,0,0,0,2,Target-0-100-20_2,27672797,100,0,5,-100,0,5,175,8634,-3,012843,False,275,8857,10
638397577992744259,0,0,0,0,2,Target-0-100-20_2,27788199,100,0,5,-100,0,5,242,9868,-8,177703,False,343,0966,10
638397577992844744,0,0,0,0,2,Target-0-100-20_2,27888684,100,0,5,-100,0,5,285,9458,-10,76009,False,386,11,10
638397577992965153,0,0,0,0,2,Target-0-100-20_2,28009093,100,0,5,-100,0,5,322,1924,-14,63376,False,422,4636,10
638397577993071641,0,0,0,0,2,Target-0-100-20_2,28115581,100,0,5,-100,0,5,339,6446,-17,21613,False,440,0014,10
638397577993183930,0,0,0,0,2,Target-0-100-20_2,28227870,100,0,5,-100,0,5,349,0418,-19,79861,False,449,5004,10
638397577993295963,0,0,0,0,2,Target-0-100-20_2,28339903,100,0,5,-100,0,5,350,3843,-21,0898,False,450,9015,10
638397577993407142,0,0,0,0,2,Target-0-100-20_2,28451082,100,0,5,-100,0,5,340,9871,-23,67228,False,441,6491,10
638397577993522571,0,0,0,0,2,Target-0-100-20_2,28566511,100,0,5,-100,0,5,318,165,-24,96348,False,418,9396,10
638397577993629381,0,0,0,0,2,Target-0-100-20_2,28673321,100,0,5,-100,0,5,279,2335,-27,54585,False,380,2692,10
638397577993742986,0,0,0,0,2,Target-0-100-20_2,28786926,100,0,5,-100,0,5,214,795,-27,54585,False,316,0418,10
638397577993850661,0,0,0,0,2,Target-0-100-20_2,28894601,100,0,5,-100,0,5,149,014,-26,25467,False,250,4472,10
638397577993965017,0,0,0,0,2,Target-0-100-20_2,29008957,100,0,5,-100,0,5,56,38364,-17,21613,False,157,3839,10
638397577994078896,0,0,0,0,2,Target-0-100-20_2,29122836,100,0,5,-100,0,5,-34,90416,-6,886416,False,65,51357,10
638397577994184275,0,0,0,0,2,Target-0-100-20_2,29228215,100,0,5,-100,0,5,-108,7399,-3,012843,True,9,419477,10
638397577994294557,0,0,0,0,2,Target-0-100-20_2,29338497,100,0,5,-100,0,5,-187,9456,0,8608231,False,87,94639,10
638397577994404905,0,0,0,0,2,Target-0-100-20_2,29448845,100,0,5,-100,0,5,-242,9868,2,152012,False,142,9964,10
638397577994520480,0,0,0,0,2,Target-0-100-20_2,29564420,100,0,5,-100,0,5,-287,2884,3,44321,False,187,3115,10
638397577994630843,0,0,0,0,2,Target-0-100-20_2,29674783,100,0,5,-100,0,5,-310,1103,4,734497,False,210,153,10
638397577994741446,0,0,0,0,2,Target-0-100-20_2,29785386,100,0,5,-100,0,5,-320,8501,4,734497,False,220,8907,10
638397577994856869,0,0,0,0,2,Target-0-100-20_2,29900809,100,0,5,-100,0,5,-320,8501,4,734497,False,220,8907,10
638397577994967855,0,0,0,0,2,Target-0-100-20_2,30011795,100,0,5,-100,0,5,-316,8226,4,734497,False,216,864,10
638397577995073109,0,0,0,0,2,Target-0-100-20_2,30117049,100,0,5,-100,0,5,-303,3979,4,734497,False,203,442,10
638397577995186235,0,0,0,0,2,Target-0-100-20_2,30230175,100,0,5,-100,0,5,-267,1513,3,44321,False,167,1772,10
638397577995302491,0,0,0,0,2,Target-0-100-20_2,30346431,100,0,5,-100,0,5,-208,0827,-0,4303669,False,108,0867,10
638397577995398540,0,0,0,0,2,Target-0-100-20_2,30442480,100,0,5,-100,0,5,-140,9592,-5,595226,False,41,41024,10
638397577995519067,0,0,0,0,2,Target-0-100-20_2,30563007,100,0,5,-100,0,5,-48,32885,-8,177703,False,52,39476,10
638397577995629405,0,0,0,0,2,Target-0-100-20_2,30673345,100,0,5,-100,0,5,28,19182,-12,05137,False,128,8048,10
638397577995748064,0,0,0,0,2,Target-0-100-20_2,30792004,100,0,5,-100,0,5,116,7947,-17,21613,False,217,5174,10
638397577995850400,0,0,0,0,2,Target-0-100-20_2,30894340,100,0,5,-100,0,5,175,8634,-18,50742,False,276,5174,10
638397577995966009,0,0,0,0,2,Target-0-100-20_2,31009949,100,0,5,-100,0,5,232,2471,-21,0898,False,332,9478,10
638397577996071362,0,0,0,0,2,Target-0-100-20_2,31115302,100,0,5,-100,0,5,264,4662,-22,38099,False,365,1838,10
638397577996187825,0,0,0,0,2,Target-0-100-20_2,31231765,100,0,5,-100,0,5,288,6308,-23,67228,False,389,3818,10
638397577996304134,0,0,0,0,2,Target-0-100-20_2,31348074,100,0,5,-100,0,5,302,0555,-23,67228,False,402,7814,10
638397577996406477,0,0,0,0,2,Target-0-100-20_2,31450417,100,0,5,-100,0,5,302,0555,-24,96348,False,402,861,10
638397577996526507,0,0,0,0,2,Target-0-100-20_2,31570447,100,0,5,-100,0,5,296,6856,-24,96348,False,397,502,10
638397577996628251,0,0,0,0,2,Target-0-100-20_2,31672191,100,0,5,-100,0,5,280,576,-24,96348,False,381,4268,10
638397577996744331,0,0,0,0,2,Target-0-100-20_2,31788271,100,0,5,-100,0,5,245,6718,-24,96348,False,346,6084,10
638397577996849932,0,0,0,0,2,Target-0-100-20_2,31893872,100,0,5,-100,0,5,201,3703,-23,67228,False,302,3382,10
638397577996961938,0,0,0,0,2,Target-0-100-20_2,32005878,100,0,5,-100,0,5,127,5345,-18,50742,False,228,327,10
638397577997077893,0,0,0,0,2,Target-0-100-20_2,32121833,100,0,5,-100,0,5,45,64395,-9,468896,False,145,9847,10
638397577997183154,0,0,0,0,2,Target-0-100-20_2,32227094,100,0,5,-100,0,5,-22,82198,-4,304037,False,77,32739,10
638397577997293487,0,0,0,0,2,Target-0-100-20_2,32337427,100,0,5,-100,0,5,-98,0002,0,8608231,True,2,032093,10
638397577997403978,0,0,0,0,2,Target-0-100-20_2,32447918,100,0,5,-100,0,5,-151,6989,3,44321,False,51,78264,10
638397577997519354,0,0,0,0,2,Target-0-100-20_2,32563294,100,0,5,-100,0,5,-198,6854,7,316876,False,98,92056,10
638397577997630828,0,0,0,0,2,Target-0-100-20_2,32674768,100,0,5,-100,0,5,-226,8773,9,899255,False,127,225,10
638397577997746851,0,0,0,0,2,Target-0-100-20_2,32790791,100,0,5,-100,0,5,-251,0417,11,19054,False,151,4195,10
638397577997852745,0,0,0,0,2,Target-0-100-20_2,32896685,100,0,5,-100,0,5,-265,8088,12,48173,False,166,2412,10
638397577997963824,0,0,0,0,2,Target-0-100-20_2,33007764,100,0,5,-100,0,5,-275,2061,13,77293,False,175,7082,10
638397577998075014,0,0,0,0,2,Target-0-100-20_2,33118954,100,0,5,-100,0,5,-275,2061,13,77293,False,175,7082,10
638397577998185305,0,0,0,0,2,Target-0-100-20_2,33229245,100,0,5,-100,0,5,-272,5211,13,77293,False,173,031,10
638397577998300655,0,0,0,0,2,Target-0-100-20_2,33344595,100,0,5,-100,0,5,-259,0965,9,899255,False,159,3739,10
638397577998408659,0,0,0,0,2,Target-0-100-20_2,33452599,100,0,5,-100,0,5,-232,2471,3,44321,False,132,2798,10
638397577998525926,0,0,0,0,2,Target-0-100-20_2,33569866,100,0,5,-100,0,5,-179,8909,-3,012843,False,79,96806,10
638397577998622896,0,0,0,0,2,Target-0-100-20_2,33666836,100,0,5,-100,0,5,-122,1646,-5,595226,False,22,98744,10
638397577998748560,0,0,0,0,2,Target-0-100-20_2,33792500,100,0,5,-100,0,5,-51,0138,-6,886416,False,49,53996,10
638397577998859010,0,0,0,0,2,Target-0-100-20_2,33902950,100,0,5,-100,0,5,17,45214,-8,177703,False,117,7723,10
638397577998964456,0,0,0,0,2,Target-0-100-20_2,34008396,100,0,5,-100,0,5,65,78098,-10,76009,False,166,1629,10
638397577999069819,0,0,0,0,2,Target-0-100-20_2,34113759,100,0,5,-100,0,5,108,7399,-13,34256,False,209,1984,10
638397577999185982,0,0,0,0,2,Target-0-100-20_2,34229922,100,0,5,-100,0,5,153,0414,-15,92494,False,253,574,10
638397577999296683,0,0,0,0,2,Target-0-100-20_2,34340623,100,0,5,-100,0,5,190,6305,-18,50742,False,291,2514,10
638397577999412446,0,0,0,0,2,Target-0-100-20_2,34451385,100,0,5,-100,0,5,216,1374,-18,50742,False,316,7083,10
638397577999522841,0,0,0,0,2,Target-0-100-20_2,34566781,100,0,5,-100,0,5,240,3019,-21,0898,False,340,9861,10
638397577999623175,0,0,0,0,2,Target-0-100-20_2,34667115,100,0,5,-100,0,5,253,7266,-21,0898,False,354,3848,10
638397577999744117,0,0,0,0,2,Target-0-100-20_2,34788057,100,0,5,-100,0,5,259,0965,-22,38099,False,359,8247,10
638397577999854480,0,0,0,0,2,Target-0-100-20_2,34898420,100,0,5,-100,0,5,259,0965,-23,67228,False,359,9091,10
638397577999964955,0,0,0,0,2,Target-0-100-20_2,35008895,100,0,5,-100,0,5,256,4115,-23,67228,False,357,2302,10
638397578000080346,0,0,0,0,2,Target-0-100-20_2,35124286,100,0,5,-100,0,5,240,3019,-24,96348,False,341,2532,10
638397578000180210,0,0,0,0,2,Target-0-100-20_2,35224150,100,0,5,-100,0,5,221,5073,-24,96348,False,322,5141,10
638397578000300676,0,0,0,0,2,Target-0-100-20_2,35344616,100,0,5,-100,0,5,194,658,-24,96348,False,295,7562,10
638397578000405949,0,0,0,0,2,Target-0-100-20_2,35449889,100,0,5,-100,0,5,167,8086,-23,67228,False,268,8973,10
638397578000521734,0,0,0,0,2,Target-0-100-20_2,35565674,100,0,5,-100,0,5,136,9318,-21,0898,False,237,9134,10
638397578000632233,0,0,0,0,2,Target-0-100-20_2,35676173,100,0,5,-100,0,5,108,7399,-17,21613,False,209,4904,10
638397578000747699,0,0,0,0,2,Target-0-100-20_2,35791639,100,0,5,-100,0,5,65,78098,-13,34256,False,166,3579,10
638397578000845754,0,0,0,0,2,Target-0-100-20_2,35889694,100,0,5,-100,0,5,22,82192,-9,468896,False,123,2258,10
638397578000963578,0,0,0,0,2,Target-0-100-20_2,36007518,100,0,5,-100,0,5,-33,56172,-6,886416,False,66,84762,10
638397578001082826,0,0,0,0,2,Target-0-100-20_2,36126766,100,0,5,-100,0,5,-89,94541,-3,012843,False,10,65058,10
638397578001188745,0,0,0,0,2,Target-0-100-20_2,36232685,100,0,5,-100,0,5,-135,5893,-1,721653,False,35,65858,10
638397578001301872,0,0,0,0,2,Target-0-100-20_2,36345812,100,0,5,-100,0,5,-181,2333,-1,721653,False,81,26369,10
638397578001407276,0,0,0,0,2,Target-0-100-20_2,36451216,100,0,5,-100,0,5,-206,7402,-3,012843,False,106,798,10
638397578001518123,0,0,0,0,2,Target-0-100-20_2,36562063,100,0,5,-100,0,5,-224,1923,-5,595226,False,124,3418,10
638397578001633366,0,0,0,0,2,Target-0-100-20_2,36677306,100,0,5,-100,0,5,-229,5622,-5,595226,False,129,7055,10
638397578001738950,0,0,0,0,2,Target-0-100-20_2,36782890,100,0,5,-100,0,5,-232,2471,-5,595226,False,132,3875,10
638397578001849324,0,0,0,0,2,Target-0-100-20_2,36893264,100,0,5,-100,0,5,-232,2471,-5,595226,False,132,3875,10
638397578001965314,0,0,0,0,2,Target-0-100-20_2,37009254,100,0,5,-100,0,5,-232,2471,-6,886416,False,132,4532,10
638397578002070632,0,0,0,0,2,Target-0-100-20_2,37114572,100,0,5,-100,0,5,-228,2197,-8,177703,False,128,513,10
638397578002186032,0,0,0,0,2,Target-0-100-20_2,37229972,100,0,5,-100,0,5,-213,4526,-8,177703,False,113,784,10
638397578002300043,0,0,0,0,2,Target-0-100-20_2,37343983,100,0,5,-100,0,5,-185,2607,-9,468896,False,85,84153,10
638397578002420958,0,0,0,0,2,Target-0-100-20_2,37464898,100,0,5,-100,0,5,-143,6442,-10,76009,False,45,0733,10
638397578002521468,0,0,0,0,2,Target-0-100-20_2,37565408,100,0,5,-100,0,5,-100,6851,-10,76009,True,11,28091,10
638397578002622511,0,0,0,0,2,Target-0-100-20_2,37666451,100,0,5,-100,0,5,-55,04119,-10,76009,False,46,34743,10
638397578002741132,0,0,0,0,2,Target-0-100-20_2,37785072,100,0,5,-100,0,5,-1,342448,-10,76009,False,99,29805,10
638397578002851147,0,0,0,0,2,Target-0-100-20_2,37895087,100,0,5,-100,0,5,38,93161,-10,76009,False,139,3872,10
638397578002966619,0,0,0,0,2,Target-0-100-20_2,38010559,100,0,5,-100,0,5,76,52067,-13,34256,False,177,0626,10
638397578003080315,0,0,0,0,2,Target-0-100-20_2,38124255,100,0,5,-100,0,5,103,37,-13,34256,False,203,8406,10
638397578003182926,0,0,0,0,2,Target-0-100-20_2,38226866,100,0,5,-100,0,5,118,1373,-14,63376,False,218,6616,10
638397578003297351,0,0,0,0,2,Target-0-100-20_2,38341291,100,0,5,-100,0,5,127,5345,-15,92494,False,228,1266,10
638397578003407662,0,0,0,0,2,Target-0-100-20_2,38451602,100,0,5,-100,0,5,131,562,-17,21613,False,232,2387,10
638397578003518427,0,0,0,0,2,Target-0-100-20_2,38562367,100,0,5,-100,0,5,131,562,-17,21613,False,232,2387,10
638397578003631199,0,0,0,0,2,Target-0-100-20_2,38675139,100,0,5,-100,0,5,131,562,-18,50742,False,232,3408,10
638397578003743549,0,0,0,0,2,Target-0-100-20_2,38787489,100,0,5,-100,0,5,127,5345,-18,50742,False,228,327,10
638397578003857936,0,0,0,0,2,Target-0-100-20_2,38901876,100,0,5,-100,0,5,119,4797,-18,50742,False,220,3012,10
638397578003964056,0,0,0,0,2,Target-0-100-20_2,39007996,100,0,5,-100,0,5,110,0824,-18,50742,False,210,9405,10
638397578004074581,0,0,0,0,2,Target-0-100-20_2,39118521,100,0,5,-100,0,5,96,65769,-18,50742,False,197,5741,10
638397578004185616,0,0,0,0,2,Target-0-100-20_2,39229556,100,0,5,-100,0,5,73,83578,-19,79861,False,175,0169,10
638397578004291327,0,0,0,0,2,Target-0-100-20_2,39335267,100,0,5,-100,0,5,46,9864,-19,79861,False,148,3814,10
638397578004407162,0,0,0,0,2,Target-0-100-20_2,39451102,100,0,5,-100,0,5,21,47948,-19,79861,False,123,1637,10
638397578004522488,0,0,0,0,2,Target-0-100-20_2,39566428,100,0,5,-100,0,5,-12,08224,-18,50742,False,89,94896,10
638397578004622722,0,0,0,0,2,Target-0-100-20_2,39666662,100,0,5,-100,0,5,-41,6165,-17,21613,False,61,01225,10
638397578004743605,0,0,0,0,2,Target-0-100-20_2,39787545,100,0,5,-100,0,5,-75,17822,-13,34256,False,28,42072,10
638397578004848991,0,0,0,0,2,Target-0-100-20_2,39892931,100,0,5,-100,0,5,-96,65775,-10,76009,True,11,74565,10
638397578004965117,0,0,0,0,2,Target-0-100-20_2,40009057,100,0,5,-100,0,5,-122,1646,-9,468896,False,24,30328,10
638397578005070438,0,0,0,0,2,Target-0-100-20_2,40114378,100,0,5,-100,0,5,-142,3016,-8,177703,False,43,18253,10
638397578005185910,0,0,0,0,2,Target-0-100-20_2,40229850,100,0,5,-100,0,5,-163,7812,-8,177703,False,64,36879,10
638397578005299837,0,0,0,0,2,Target-0-100-20_2,40343777,100,0,5,-100,0,5,-177,2059,-8,177703,False,77,69206,10
638397578005405719,0,0,0,0,2,Target-0-100-20_2,40449659,100,0,5,-100,0,5,-182,5757,-8,177703,False,83,03046,10
638397578005521085,0,0,0,0,2,Target-0-100-20_2,40565025,100,0,5,-100,0,5,-182,5757,-8,177703,False,83,03046,10
638397578005631562,0,0,0,0,2,Target-0-100-20_2,40675502,100,0,5,-100,0,5,-178,5484,-10,76009,False,79,35133,10
638397578005746982,0,0,0,0,2,Target-0-100-20_2,40790922,100,0,5,-100,0,5,-165,1236,-10,76009,False,66,08991,10
638397578005852261,0,0,0,0,2,Target-0-100-20_2,40896201,100,0,5,-100,0,5,-143,6442,-10,76009,False,45,0733,10
638397578005967462,0,0,0,0,2,Target-0-100-20_2,41011402,100,0,5,-100,0,5,-111,4249,-10,76009,False,16,04112,10
638397578006083004,0,0,0,0,2,Target-0-100-20_2,41126944,100,0,5,-100,0,5,-77,86316,-8,177703,False,23,77693,10
638397578006184098,0,0,0,0,2,Target-0-100-20_2,41228038,100,0,5,-100,0,5,-49,67135,-8,177703,False,51,07128,10
638397578006299562,0,0,0,0,2,Target-0-100-20_2,41343502,100,0,5,-100,0,5,-14,76713,-8,177703,False,85,67347,10
638397578006405010,0,0,0,0,2,Target-0-100-20_2,41448950,100,0,5,-100,0,5,10,73979,-8,177703,False,111,0793,10
638397578006525366,0,0,0,0,2,Target-0-100-20_2,41569306,100,0,5,-100,0,5,42,95896,-8,177703,False,143,2221,10
638397578006629163,0,0,0,0,2,Target-0-100-20_2,41673103,100,0,5,-100,0,5,75,17822,-12,05137,False,175,6273,10
638397578006745104,0,0,0,0,2,Target-0-100-20_2,41789044,100,0,5,-100,0,5,110,0824,-14,63376,False,210,6268,10
638397578006850525,0,0,0,0,2,Target-0-100-20_2,41894465,100,0,5,-100,0,5,136,9318,-17,21613,False,237,5932,10
638397578006999569,0,0,0,0,2,Target-0-100-20_2,42043509,100,0,5,-100,0,5,170,4935,-18,50742,False,271,1605,10
638397578007071096,0,0,0,0,2,Target-0-100-20_2,42115036,100,0,5,-100,0,5,181,2333,-18,50742,False,281,8748,10
638397578007183355,0,0,0,0,2,Target-0-100-20_2,42227295,100,0,5,-100,0,5,193,3155,-18,50742,False,293,9307,10
638397578007303601,0,0,0,0,2,Target-0-100-20_2,42347541,100,0,5,-100,0,5,200,0279,-19,79861,False,300,7137,10
638397578007404060,0,0,0,0,2,Target-0-100-20_2,42448000,100,0,5,-100,0,5,202,7127,-21,0898,False,303,4817,10
638397578007514465,0,0,0,0,2,Target-0-100-20_2,42558405,100,0,5,-100,0,5,204,0552,-21,0898,False,304,8207,10
638397578007620015,0,0,0,0,2,Target-0-100-20_2,42663955,100,0,5,-100,0,5,206,7402,-22,38099,False,307,5924,10
638397578007745824,0,0,0,0,2,Target-0-100-20_2,42789764,100,0,5,-100,0,5,210,7675,-23,67228,False,311,7062,10
638397578007851781,0,0,0,0,2,Target-0-100-20_2,42895721,100,0,5,-100,0,5,216,1374,-24,96348,False,317,1613,10
638397578007967344,0,0,0,0,2,Target-0-100-20_2,43011284,100,0,5,-100,0,5,221,5073,-26,25467,False,322,6186,10
638397578008077873,0,0,0,0,2,Target-0-100-20_2,43121813,100,0,5,-100,0,5,225,5348,-26,25467,False,326,6324,10
638397578008178500,0,0,0,0,2,Target-0-100-20_2,43222440,100,0,5,-100,0,5,225,5348,-26,25467,False,326,6324,10
638397578008298618,0,0,0,0,2,Target-0-100-20_2,43342558,100,0,5,-100,0,5,225,5348,-26,25467,False,326,6324,10
638397578008403980,0,0,0,0,2,Target-0-100-20_2,43447920,100,0,5,-100,0,5,225,5348,-26,25467,False,326,6324,10
638397578008520449,0,0,0,0,2,Target-0-100-20_2,43564389,100,0,5,-100,0,5,221,5073,-26,25467,False,322,6186,10
638397578008631135,0,0,0,0,2,Target-0-100-20_2,43675075,100,0,5,-100,0,5,217,4799,-26,25467,False,318,6052,10
638397578008746572,0,0,0,0,2,Target-0-100-20_2,43790512,100,0,5,-100,0,5,205,3977,-24,96348,False,306,4575,10
638397578008846987,0,0,0,0,2,Target-0-100-20_2,43890927,100,0,5,-100,0,5,189,288,-23,67228,False,290,2962,10
638397578008967337,0,0,0,0,2,Target-0-100-20_2,44011277,100,0,5,-100,0,5,167,8086,-21,0898,False,268,6774,10
638397578009078605,0,0,0,0,2,Target-0-100-20_2,44122545,100,0,5,-100,0,5,143,6441,-19,79861,False,244,4882,10
638397578009183966,0,0,0,0,2,Target-0-100-20_2,44227906,100,0,5,-100,0,5,124,8496,-18,50742,False,225,6516,10
638397578009294802,0,0,0,0,2,Target-0-100-20_2,44338742,100,0,5,-100,0,5,111,4249,-18,50742,False,212,2776,10
638397578009405397,0,0,0,0,2,Target-0-100-20_2,44449337,100,0,5,-100,0,5,100,6851,-18,50742,False,201,5833,10
638397578009520712,0,0,0,0,2,Target-0-100-20_2,44564652,100,0,5,-100,0,5,87,26045,-18,50742,False,188,2226,10
638397578009621007,0,0,0,0,2,Target-0-100-20_2,44664947,100,0,5,-100,0,5,72,49332,-17,21613,False,173,4007,10
638397578009747213,0,0,0,0,2,Target-0-100-20_2,44791153,100,0,5,-100,0,5,56,38364,-15,92494,False,157,2438,10
638397578009858022,0,0,0,0,2,Target-0-100-20_2,44901962,100,0,5,-100,0,5,41,6165,-14,63376,False,142,4228,10
638397578009964037,0,0,0,0,2,Target-0-100-20_2,45007977,100,0,5,-100,0,5,33,56172,-14,63376,False,134,4164,10
638397578010079207,0,0,0,0,2,Target-0-100-20_2,45123147,100,0,5,-100,0,5,29,53427,-13,34256,False,130,2718,10
638397578010185908,0,0,0,0,2,Target-0-100-20_2,45229848,100,0,5,-100,0,5,28,19182,-13,34256,False,128,937,10
638397578010301320,0,0,0,0,2,Target-0-100-20_2,45345260,100,0,5,-100,0,5,28,19182,-13,34256,False,128,937,10
638397578010411809,0,0,0,0,2,Target-0-100-20_2,45455749,100,0,5,-100,0,5,28,19182,-13,34256,False,128,937,10
638397578010517333,0,0,0,0,2,Target-0-100-20_2,45561273,100,0,5,-100,0,5,28,19182,-13,34256,False,128,937,10
638397578010623020,0,0,0,0,2,Target-0-100-20_2,45666960,100,0,5,-100,0,5,28,19182,-13,34256,False,128,937,10
638397578010738589,0,0,0,0,2,Target-0-100-20_2,45782529,100,0,5,-100,0,5,28,19182,-13,34256,False,128,937,10
638397578010853957,0,0,0,0,2,Target-0-100-20_2,45897897,100,0,5,-100,0,5,28,19182,-13,34256,False,128,937,10
638397578010964964,0,0,0,0,2,Target-0-100-20_2,46008904,100,0,5,-100,0,5,28,19182,-13,34256,False,128,937,10
638397578011071337,0,0,0,0,2,Target-0-100-20_2,46115277,100,0,5,-100,0,5,24,16448,-13,34256,False,124,9337,10
638397578011186724,0,0,0,0,2,Target-0-100-20_2,46230664,100,0,5,-100,0,5,20,13703,-13,34256,False,120,9319,10
638397578011302210,0,0,0,0,2,Target-0-100-20_2,46346150,100,0,5,-100,0,5,14,76713,-13,34256,False,115,5989,10
638397578011412632,0,0,0,0,2,Target-0-100-20_2,46456572,100,0,5,-100,0,5,6,712343,-13,34256,False,107,6064,10
638397578011518532,0,0,0,0,2,Target-0-100-20_2,46562472,100,0,5,-100,0,5,-6,712343,-13,34256,False,94,30909,10
638397578011632813,0,0,0,0,2,Target-0-100-20_2,46676753,100,0,5,-100,0,5,-20,13703,-13,34256,False,81,05376,10
638397578011743348,0,0,0,0,2,Target-0-100-20_2,46787288,100,0,5,-100,0,5,-38,93161,-13,34256,False,62,6176,10
638397578011848904,0,0,0,0,2,Target-0-100-20_2,46892844,100,0,5,-100,0,5,-57,72614,-13,34256,False,44,48253,10
638397578011966097,0,0,0,0,2,Target-0-100-20_2,47010037,100,0,5,-100,0,5,-75,17822,-13,34256,False,28,42072,10
638397578012079891,0,0,0,0,2,Target-0-100-20_2,47123831,100,0,5,-100,0,5,-88,60291,-15,92494,False,19,99181,10
638397578012184175,0,0,0,0,2,Target-0-100-20_2,47228115,100,0,5,-100,0,5,-92,63036,-15,92494,True,18,00251,10
638397578012299487,0,0,0,0,3,Target-0-100-20_3,47343427,100,0,5,-100,0,5,-92,63036,-15,92494,True,18,00251,10
638397578012404818,0,0,0,0,3,Target-0-100-20_3,47448758,-100,0,5,100,0,5,-92,63036,-15,92494,False,193,3293,10
638397578012520685,0,0,0,0,3,Target-0-100-20_3,47564625,-100,0,5,100,0,5,-92,63036,-15,92494,False,193,3293,10
638397578012631049,0,0,0,0,3,Target-0-100-20_3,47674989,-100,0,5,100,0,5,-92,63036,-15,92494,False,193,3293,10
638397578012736406,0,0,0,0,3,Target-0-100-20_3,47780346,-100,0,5,100,0,5,-92,63036,-15,92494,False,193,3293,10
638397578012857723,0,0,0,0,3,Target-0-100-20_3,47901663,-100,0,5,100,0,5,-92,63036,-15,92494,False,193,3293,10
638397578012963833,0,0,0,0,3,Target-0-100-20_3,48007773,-100,0,5,100,0,5,-92,63036,-15,92494,False,193,3293,10
638397578013074421,0,0,0,0,3,Target-0-100-20_3,48118361,-100,0,5,100,0,5,-92,63036,-15,92494,False,193,3293,10
638397578013184675,0,0,0,0,3,Target-0-100-20_3,48228615,-100,0,5,100,0,5,-92,63036,-15,92494,False,193,3293,10
638397578013300092,0,0,0,0,3,Target-0-100-20_3,48344032,-100,0,5,100,0,5,-92,63036,-15,92494,False,193,3293,10
638397578013408424,0,0,0,0,3,Target-0-100-20_3,48452364,-100,0,5,100,0,5,-92,63036,-15,92494,False,193,3293,10
638397578013520774,0,0,0,0,3,Target-0-100-20_3,48564714,-100,0,5,100,0,5,-92,63036,-17,21613,False,193,4433,10
638397578013626621,0,0,0,0,3,Target-0-100-20_3,48670561,-100,0,5,100,0,5,-93,9728,-17,21613,False,194,7802,10
638397578013742575,0,0,0,0,3,Target-0-100-20_3,48786515,-100,0,5,100,0,5,-93,9728,-17,21613,False,194,7802,10
638397578013853555,0,0,0,0,3,Target-0-100-20_3,48897495,-100,0,5,100,0,5,-93,9728,-17,21613,False,194,7802,10
638397578013963879,0,0,0,0,3,Target-0-100-20_3,49007819,-100,0,5,100,0,5,-93,9728,-17,21613,False,194,7802,10
638397578014074295,0,0,0,0,3,Target-0-100-20_3,49118235,-100,0,5,100,0,5,-93,9728,-17,21613,False,194,7802,10
638397578014188441,0,0,0,0,3,Target-0-100-20_3,49232381,-100,0,5,100,0,5,-93,9728,-17,21613,False,194,7802,10
638397578014292636,0,0,0,0,3,Target-0-100-20_3,49336576,-100,0,5,100,0,5,-93,9728,-17,21613,False,194,7802,10
638397578014407766,0,0,0,0,3,Target-0-100-20_3,49451706,-100,0,5,100,0,5,-93,9728,-17,21613,False,194,7802,10
638397578014514287,0,0,0,0,3,Target-0-100-20_3,49558227,-100,0,5,100,0,5,-93,9728,-17,21613,False,194,7802,10
638397578014623013,0,0,0,0,3,Target-0-100-20_3,49666953,-100,0,5,100,0,5,-93,9728,-17,21613,False,194,7802,10
638397578014743857,0,0,0,0,3,Target-0-100-20_3,49787797,-100,0,5,100,0,5,-93,9728,-17,21613,False,194,7802,10
638397578014854284,0,0,0,0,3,Target-0-100-20_3,49898224,-100,0,5,100,0,5,-93,9728,-17,21613,False,194,7802,10
638397578014960352,0,0,0,0,3,Target-0-100-20_3,50004292,-100,0,5,100,0,5,-93,9728,-17,21613,False,194,7802,10
638397578015072269,0,0,0,0,3,Target-0-100-20_3,50116209,-100,0,5,100,0,5,-93,9728,-17,21613,False,194,7802,10
638397578015182882,0,0,0,0,3,Target-0-100-20_3,50226822,-100,0,5,100,0,5,-93,9728,-17,21613,False,194,7802,10
638397578015298802,0,0,0,0,3,Target-0-100-20_3,50342742,-100,0,5,100,0,5,-93,9728,-17,21613,False,194,7802,10
638397578015405087,0,0,0,0,3,Target-0-100-20_3,50449027,-100,0,5,100,0,5,-93,9728,-17,21613,False,194,7802,10
638397578015520409,0,0,0,0,3,Target-0-100-20_3,50564349,-100,0,5,100,0,5,-93,9728,-17,21613,False,194,7802,10
638397578015630647,0,0,0,0,3,Target-0-100-20_3,50674587,-100,0,5,100,0,5,-93,9728,-17,21613,False,194,7802,10
638397578015744287,0,0,0,0,3,Target-0-100-20_3,50788227,-100,0,5,100,0,5,-93,9728,-17,21613,False,194,7802,10
638397578015854671,0,0,0,0,3,Target-0-100-20_3,50898611,-100,0,5,100,0,5,-93,9728,-17,21613,False,194,7802,10
638397578015960065,0,0,0,0,3,Target-0-100-20_3,51004005,-100,0,5,100,0,5,-93,9728,-17,21613,False,194,7802,10
638397578016076156,0,0,0,0,3,Target-0-100-20_3,51120096,-100,0,5,100,0,5,-93,9728,-17,21613,False,194,7802,10
638397578016181242,0,0,0,0,3,Target-0-100-20_3,51225182,-100,0,5,100,0,5,-93,9728,-17,21613,False,194,7802,10
638397578016302085,0,0,0,0,3,Target-0-100-20_3,51346025,-100,0,5,100,0,5,-93,9728,-17,21613,False,194,7802,10
638397578016409987,0,0,0,0,3,Target-0-100-20_3,51453927,-100,0,5,100,0,5,-93,9728,-17,21613,False,194,7802,10
638397578016519711,0,0,0,0,3,Target-0-100-20_3,51563651,-100,0,5,100,0,5,-93,9728,-17,21613,False,194,7802,10
638397578016631730,0,0,0,0,3,Target-0-100-20_3,51675670,-100,0,5,100,0,5,-93,9728,-17,21613,False,194,7802,10
638397578016740827,0,0,0,0,3,Target-0-100-20_3,51784767,-100,0,5,100,0,5,-93,9728,-17,21613,False,194,7802,10
638397578016851586,0,0,0,0,3,Target-0-100-20_3,51895526,-100,0,5,100,0,5,-93,9728,-17,21613,False,194,7802,10
638397578016960429,0,0,0,0,3,Target-0-100-20_3,52004369,-100,0,5,100,0,5,-93,9728,-17,21613,False,194,7802,10
638397578017071000,0,0,0,0,3,Target-0-100-20_3,52114940,-100,0,5,100,0,5,-93,9728,-17,21613,False,194,7802,10
638397578017187061,0,0,0,0,3,Target-0-100-20_3,52231001,-100,0,5,100,0,5,-93,9728,-17,21613,False,194,7802,10
638397578017297563,0,0,0,0,3,Target-0-100-20_3,52341503,-100,0,5,100,0,5,-93,9728,-17,21613,False,194,7802,10
638397578017403004,0,0,0,0,3,Target-0-100-20_3,52446944,-100,0,5,100,0,5,-93,9728,-17,21613,False,194,7802,10
638397578017518444,0,0,0,0,3,Target-0-100-20_3,52562384,-100,0,5,100,0,5,-93,9728,-17,21613,False,194,7802,10
638397578017634409,0,0,0,0,3,Target-0-100-20_3,52673329,-100,0,5,100,0,5,-93,9728,-17,21613,False,194,7802,10
638397578017739743,0,0,0,0,3,Target-0-100-20_3,52783683,-100,0,5,100,0,5,-93,9728,-17,21613,False,194,7802,10
638397578017850091,0,0,0,0,3,Target-0-100-20_3,52894031,-100,0,5,100,0,5,-93,9728,-17,21613,False,194,7802,10
638397578017958335,0,0,0,0,3,Target-0-100-20_3,53002275,-100,0,5,100,0,5,-93,9728,-17,21613,False,194,7802,10
638397578018074583,0,0,0,0,3,Target-0-100-20_3,53118523,-100,0,5,100,0,5,-93,9728,-17,21613,False,194,7802,10
638397578018184983,0,0,0,0,3,Target-0-100-20_3,53228923,-100,0,5,100,0,5,-93,9728,-17,21613,False,194,7802,10
638397578018295568,0,0,0,0,3,Target-0-100-20_3,53339508,-100,0,5,100,0,5,-93,9728,-17,21613,False,194,7802,10
638397578018410459,0,0,0,0,3,Target-0-100-20_3,53454399,-100,0,5,100,0,5,-93,9728,-17,21613,False,194,7802,10
638397578018517269,0,0,0,0,3,Target-0-100-20_3,53561209,-100,0,5,100,0,5,-93,9728,-17,21613,False,194,7802,10
638397578018630470,0,0,0,0,3,Target-0-100-20_3,53674410,-100,0,5,100,0,5,-93,9728,-17,21613,False,194,7802,10
638397578018741041,0,0,0,0,3,Target-0-100-20_3,53784981,-100,0,5,100,0,5,-93,9728,-17,21613,False,194,7802,10
638397578018851380,0,0,0,0,3,Target-0-100-20_3,53895320,-100,0,5,100,0,5,-93,9728,-17,21613,False,194,7802,10
638397578018965538,0,0,0,0,3,Target-0-100-20_3,54009478,-100,0,5,100,0,5,-93,9728,-17,21613,False,194,7802,10
638397578019071691,0,0,0,0,3,Target-0-100-20_3,54115631,-100,0,5,100,0,5,-93,9728,-17,21613,False,194,7802,10
638397578019188349,0,0,0,0,3,Target-0-100-20_3,54232289,-100,0,5,100,0,5,-93,9728,-17,21613,False,194,7802,10
638397578019293718,0,0,0,0,3,Target-0-100-20_3,54337658,-100,0,5,100,0,5,-93,9728,-17,21613,False,194,7802,10
638397578019409510,0,0,0,0,3,Target-0-100-20_3,54453450,-100,0,5,100,0,5,-93,9728,-17,21613,False,194,7802,10
638397578019539987,0,0,0,0,3,Target-0-100-20_3,54583927,-100,0,5,100,0,5,-93,9728,-17,21613,False,194,7802,10
638397578019630361,0,0,0,0,3,Target-0-100-20_3,54674301,-100,0,5,100,0,5,-93,9728,-17,21613,False,194,7802,10
638397578019738077,0,0,0,0,3,Target-0-100-20_3,54782017,-100,0,5,100,0,5,-93,9728,-17,21613,False,194,7802,10
638397578019849272,0,0,0,0,3,Target-0-100-20_3,54893212,-100,0,5,100,0,5,-93,9728,-17,21613,False,194,7802,10
638397578019959774,0,0,0,0,3,Target-0-100-20_3,55003714,-100,0,5,100,0,5,-93,9728,-17,21613,False,194,7802,10
638397578020070665,0,0,0,0,3,Target-0-100-20_3,55114605,-100,0,5,100,0,5,-93,9728,-17,21613,False,194,7802,10
638397578020187693,0,0,0,0,3,Target-0-100-20_3,55231633,-100,0,5,100,0,5,-93,9728,-17,21613,False,194,7802,10
638397578020298710,0,0,0,0,3,Target-0-100-20_3,55342650,-100,0,5,100,0,5,-93,9728,-17,21613,False,194,7802,10
638397578020407087,0,0,0,0,3,Target-0-100-20_3,55451027,-100,0,5,100,0,5,-93,9728,-17,21613,False,194,7802,10
638397578020517479,0,0,0,0,3,Target-0-100-20_3,55561419,-100,0,5,100,0,5,-93,9728,-17,21613,False,194,7802,10
638397578020629989,0,0,0,0,3,Target-0-100-20_3,55673929,-100,0,5,100,0,5,-93,9728,-17,21613,False,194,7802,10
638397578020740452,0,0,0,0,3,Target-0-100-20_3,55784392,-100,0,5,100,0,5,-93,9728,-17,21613,False,194,7802,10
638397578020855921,0,0,0,0,3,Target-0-100-20_3,55899861,-100,0,5,100,0,5,-93,9728,-17,21613,False,194,7802,10
638397578020966275,0,0,0,0,3,Target-0-100-20_3,56010215,-100,0,5,100,0,5,-93,9728,-17,21613,False,194,7802,10
638397578021072326,0,0,0,0,3,Target-0-100-20_3,56116266,-100,0,5,100,0,5,-93,9728,-17,21613,False,194,7802,10
638397578021182666,0,0,0,0,3,Target-0-100-20_3,56226606,-100,0,5,100,0,5,-93,9728,-17,21613,False,194,7802,10
638397578021303119,0,0,0,0,3,Target-0-100-20_3,56347059,-100,0,5,100,0,5,-93,9728,-17,21613,False,194,7802,10
638397578021403349,0,0,0,0,3,Target-0-100-20_3,56447289,-100,0,5,100,0,5,-93,9728,-17,21613,False,194,7802,10
638397578021518705,0,0,0,0,3,Target-0-100-20_3,56562645,-100,0,5,100,0,5,-93,9728,-17,21613,False,194,7802,10
638397578021629007,0,0,0,0,3,Target-0-100-20_3,56672947,-100,0,5,100,0,5,-93,9728,-17,21613,False,194,7802,10
638397578021744486,0,0,0,0,3,Target-0-100-20_3,56788426,-100,0,5,100,0,5,-93,9728,-17,21613,False,194,7802,10
638397578021849848,0,0,0,0,3,Target-0-100-20_3,56893788,-100,0,5,100,0,5,-93,9728,-17,21613,False,194,7802,10
638397578021960752,0,0,0,0,3,Target-0-100-20_3,57004692,-100,0,5,100,0,5,-93,9728,-17,21613,False,194,7802,10
638397578022076128,0,0,0,0,3,Target-0-100-20_3,57120068,-100,0,5,100,0,5,-93,9728,-17,21613,False,194,7802,10
638397578022187479,0,0,0,0,3,Target-0-100-20_3,57231419,-100,0,5,100,0,5,-93,9728,-17,21613,False,194,7802,10
638397578022297738,0,0,0,0,3,Target-0-100-20_3,57341678,-100,0,5,100,0,5,-93,9728,-17,21613,False,194,7802,10
638397578022403244,0,0,0,0,3,Target-0-100-20_3,57447184,-100,0,5,100,0,5,-93,9728,-17,21613,False,194,7802,10
638397578022514138,0,0,0,0,3,Target-0-100-20_3,57558078,-100,0,5,100,0,5,-93,9728,-17,21613,False,194,7802,10
638397578022629579,0,0,0,0,3,Target-0-100-20_3,57673519,-100,0,5,100,0,5,-93,9728,-17,21613,False,194,7802,10
638397578022735760,0,0,0,0,3,Target-0-100-20_3,57779700,-100,0,5,100,0,5,-93,9728,-17,21613,False,194,7802,10
638397578022855980,0,0,0,0,3,Target-0-100-20_3,57899920,-100,0,5,100,0,5,-93,9728,-17,21613,False,194,7802,10
638397578022962368,0,0,0,0,3,Target-0-100-20_3,58006308,-100,0,5,100,0,5,-93,9728,-17,21613,False,194,7802,10
638397578023073171,0,0,0,0,3,Target-0-100-20_3,58117111,-100,0,5,100,0,5,-93,9728,-17,21613,False,194,7802,10
638397578023181087,0,0,0,0,3,Target-0-100-20_3,58225027,-100,0,5,100,0,5,-93,9728,-17,21613,False,194,7802,10
638397578023296419,0,0,0,0,3,Target-0-100-20_3,58340359,-100,0,5,100,0,5,-93,9728,-17,21613,False,194,7802,10
638397578023411774,0,0,0,0,3,Target-0-100-20_3,58455714,-100,0,5,100,0,5,-93,9728,-17,21613,False,194,7802,10
638397578023522190,0,0,0,0,3,Target-0-100-20_3,58566130,-100,0,5,100,0,5,-93,9728,-17,21613,False,194,7802,10
638397578023632468,0,0,0,0,3,Target-0-100-20_3,58676408,-100,0,5,100,0,5,-93,9728,-17,21613,False,194,7802,10
638397578023742924,0,0,0,0,3,Target-0-100-20_3,58786864,-100,0,5,100,0,5,-93,9728,-17,21613,False,194,7802,10
638397578023849367,0,0,0,0,3,Target-0-100-20_3,58893307,-100,0,5,100,0,5,-93,9728,-17,21613,False,194,7802,10
638397578023964940,0,0,0,0,3,Target-0-100-20_3,59008880,-100,0,5,100,0,5,-93,9728,-17,21613,False,194,7802,10
638397578024075562,0,0,0,0,3,Target-0-100-20_3,59119502,-100,0,5,100,0,5,-93,9728,-17,21613,False,194,7802,10
638397578024185876,0,0,0,0,3,Target-0-100-20_3,59229816,-100,0,5,100,0,5,-93,9728,-17,21613,False,194,7802,10
638397578024296968,0,0,0,0,3,Target-0-100-20_3,59340908,-100,0,5,100,0,5,-93,9728,-17,21613,False,194,7802,10
638397578024407274,0,0,0,0,3,Target-0-100-20_3,59451214,-100,0,5,100,0,5,-93,9728,-17,21613,False,194,7802,10
638397578024522672,0,0,0,0,3,Target-0-100-20_3,59566612,-100,0,5,100,0,5,-93,9728,-17,21613,False,194,7802,10
638397578024623152,0,0,0,0,3,Target-0-100-20_3,59667092,-100,0,5,100,0,5,-93,9728,-17,21613,False,194,7802,10
638397578024731143,0,0,0,0,3,Target-0-100-20_3,59775083,-100,0,5,100,0,5,-93,9728,-17,21613,False,194,7802,10
638397578024850783,0,0,0,0,3,Target-0-100-20_3,59894723,-100,0,5,100,0,5,-93,9728,-17,21613,False,194,7802,10
638397578024967251,0,0,0,0,3,Target-0-100-20_3,60011191,-100,0,5,100,0,5,-93,9728,-17,21613,False,194,7802,10
638397578025072710,0,0,0,0,3,Target-0-100-20_3,60116650,-100,0,5,100,0,5,-93,9728,-17,21613,False,194,7802,10
638397578025187961,0,0,0,0,3,Target-0-100-20_3,60231901,-100,0,5,100,0,5,-93,9728,-17,21613,False,194,7802,10
638397578025289353,0,0,0,0,3,Target-0-100-20_3,60333293,-100,0,5,100,0,5,-93,9728,-17,21613,False,194,7802,10
638397578025405982,0,0,0,0,3,Target-0-100-20_3,60449922,-100,0,5,100,0,5,-93,9728,-17,21613,False,194,7802,10
638397578025516993,0,0,0,0,3,Target-0-100-20_3,60560933,-100,0,5,100,0,5,-93,9728,-17,21613,False,194,7802,10
638397578025629373,0,0,0,0,3,Target-0-100-20_3,60673313,-100,0,5,100,0,5,-93,9728,-17,21613,False,194,7802,10
638397578025739888,0,0,0,0,3,Target-0-100-20_3,60783828,-100,0,5,100,0,5,-93,9728,-17,21613,False,194,7802,10
638397578025851073,0,0,0,0,3,Target-0-100-20_3,60895013,-100,0,5,100,0,5,-93,9728,-17,21613,False,194,7802,10
638397578025966340,0,0,0,0,3,Target-0-100-20_3,61010280,-100,0,5,100,0,5,-93,9728,-17,21613,False,194,7802,10
638397578026077917,0,0,0,0,3,Target-0-100-20_3,61121857,-100,0,5,100,0,5,-93,9728,-17,21613,False,194,7802,10
638397578026184627,0,0,0,0,3,Target-0-100-20_3,61228567,-100,0,5,100,0,5,-93,9728,-17,21613,False,194,7802,10
638397578026293482,0,0,0,0,3,Target-0-100-20_3,61337422,-100,0,5,100,0,5,-93,9728,-17,21613,False,194,7802,10
638397578026409020,0,0,0,0,3,Target-0-100-20_3,61452960,-100,0,5,100,0,5,-93,9728,-17,21613,False,194,7802,10
638397578026519958,0,0,0,0,3,Target-0-100-20_3,61563898,-100,0,5,100,0,5,-93,9728,-17,21613,False,194,7802,10
638397578026630896,0,0,0,0,3,Target-0-100-20_3,61674836,-100,0,5,100,0,5,-93,9728,-17,21613,False,194,7802,10
638397578026738527,0,0,0,0,3,Target-0-100-20_3,61782467,-100,0,5,100,0,5,-93,9728,-17,21613,False,194,7802,10
638397578026848787,0,0,0,0,3,Target-0-100-20_3,61892727,-100,0,5,100,0,5,-95,31525,-17,21613,False,196,1171,10
638397578026954716,0,0,0,0,3,Target-0-100-20_3,61998656,-100,0,5,100,0,5,-95,31525,-17,21613,False,196,1171,10
638397578027075336,0,0,0,0,3,Target-0-100-20_3,62119276,-100,0,5,100,0,5,-95,31525,-17,21613,False,196,1171,10
638397578027185652,0,0,0,0,3,Target-0-100-20_3,62229592,-100,0,5,100,0,5,-95,31525,-17,21613,False,196,1171,10
638397578027296069,0,0,0,0,3,Target-0-100-20_3,62340009,-100,0,5,100,0,5,-95,31525,-17,21613,False,196,1171,10
638397578027411452,0,0,0,0,3,Target-0-100-20_3,62455392,-100,0,5,100,0,5,-95,31525,-17,21613,False,196,1171,10
638397578027517348,0,0,0,0,3,Target-0-100-20_3,62561288,-100,0,5,100,0,5,-95,31525,-17,21613,False,196,1171,10
638397578027631476,0,0,0,0,3,Target-0-100-20_3,62675416,-100,0,5,100,0,5,-95,31525,-17,21613,False,196,1171,10
638397578027747086,0,0,0,0,3,Target-0-100-20_3,62791026,-100,0,5,100,0,5,-95,31525,-17,21613,False,196,1171,10
638397578027854393,0,0,0,0,3,Target-0-100-20_3,62898333,-100,0,5,100,0,5,-95,31525,-17,21613,False,196,1171,10
638397578027964791,0,0,0,0,3,Target-0-100-20_3,63008731,-100,0,5,100,0,5,-95,31525,-17,21613,False,196,1171,10
638397578028072761,0,0,0,0,3,Target-0-100-20_3,63116701,-100,0,5,100,0,5,-95,31525,-17,21613,False,196,1171,10
638397578028185732,0,0,0,0,3,Target-0-100-20_3,63229672,-100,0,5,100,0,5,-95,31525,-17,21613,False,196,1171,10
638397578028296450,0,0,0,0,3,Target-0-100-20_3,63340390,-100,0,5,100,0,5,-95,31525,-17,21613,False,196,1171,10
638397578028403119,0,0,0,0,3,Target-0-100-20_3,63447059,-100,0,5,100,0,5,-95,31525,-17,21613,False,196,1171,10
638397578028518532,0,0,0,0,3,Target-0-100-20_3,63562472,-100,0,5,100,0,5,-95,31525,-17,21613,False,196,1171,10
638397578028634736,0,0,0,0,3,Target-0-100-20_3,63678676,-100,0,5,100,0,5,-95,31525,-17,21613,False,196,1171,10
638397578028740218,0,0,0,0,3,Target-0-100-20_3,63784158,-100,0,5,100,0,5,-95,31525,-17,21613,False,196,1171,10
638397578028853122,0,0,0,0,3,Target-0-100-20_3,63897062,-100,0,5,100,0,5,-95,31525,-17,21613,False,196,1171,10
638397578028966396,0,0,0,0,3,Target-0-100-20_3,64010336,-100,0,5,100,0,5,-95,31525,-17,21613,False,196,1171,10
638397578029072408,0,0,0,0,3,Target-0-100-20_3,64116348,-100,0,5,100,0,5,-95,31525,-17,21613,False,196,1171,10
638397578029189783,0,0,0,0,3,Target-0-100-20_3,64233723,-100,0,5,100,0,5,-95,31525,-17,21613,False,196,1171,10
638397578029296019,0,0,0,0,3,Target-0-100-20_3,64339959,-100,0,5,100,0,5,-95,31525,-17,21613,False,196,1171,10
638397578029406494,0,0,0,0,3,Target-0-100-20_3,64450434,-100,0,5,100,0,5,-95,31525,-17,21613,False,196,1171,10
638397578029516896,0,0,0,0,3,Target-0-100-20_3,64560836,-100,0,5,100,0,5,-95,31525,-17,21613,False,196,1171,10
638397578029632361,0,0,0,0,3,Target-0-100-20_3,64676301,-100,0,5,100,0,5,-95,31525,-17,21613,False,196,1171,10
638397578029743330,0,0,0,0,3,Target-0-100-20_3,64787270,-100,0,5,100,0,5,-95,31525,-17,21613,False,196,1171,10
638397578029843528,0,0,0,0,3,Target-0-100-20_3,64887468,-100,0,5,100,0,5,-95,31525,-17,21613,False,196,1171,10
638397578029958994,0,0,0,0,3,Target-0-100-20_3,65002934,-100,0,5,100,0,5,-95,31525,-17,21613,False,196,1171,10
638397578030071495,0,0,0,0,3,Target-0-100-20_3,65115435,-100,0,5,100,0,5,-95,31525,-17,21613,False,196,1171,10
638397578030187047,0,0,0,0,3,Target-0-100-20_3,65230987,-100,0,5,100,0,5,-95,31525,-17,21613,False,196,1171,10
638397578030297389,0,0,0,0,3,Target-0-100-20_3,65341329,-100,0,5,100,0,5,-95,31525,-17,21613,False,196,1171,10
638397578030408008,0,0,0,0,3,Target-0-100-20_3,65451948,-100,0,5,100,0,5,-95,31525,-17,21613,False,196,1171,10
638397578030516760,0,0,0,0,3,Target-0-100-20_3,65560700,-100,0,5,100,0,5,-95,31525,-17,21613,False,196,1171,10
638397578030632220,0,0,0,0,3,Target-0-100-20_3,65676160,-100,0,5,100,0,5,-95,31525,-17,21613,False,196,1171,10
638397578030732598,0,0,0,0,3,Target-0-100-20_3,65776538,-100,0,5,100,0,5,-95,31525,-17,21613,False,196,1171,10
638397578030848438,0,0,0,0,3,Target-0-100-20_3,65892378,-100,0,5,100,0,5,-95,31525,-17,21613,False,196,1171,10
638397578030969159,0,0,0,0,3,Target-0-100-20_3,66013099,-100,0,5,100,0,5,-95,31525,-17,21613,False,196,1171,10
638397578031072290,0,0,0,0,3,Target-0-100-20_3,66116230,-100,0,5,100,0,5,-95,31525,-17,21613,False,196,1171,10
638397578031189911,0,0,0,0,3,Target-0-100-20_3,66233851,-100,0,5,100,0,5,-95,31525,-17,21613,False,196,1171,10
638397578031298009,0,0,0,0,3,Target-0-100-20_3,66341949,-100,0,5,100,0,5,-95,31525,-17,21613,False,196,1171,10
638397578031408456,0,0,0,0,3,Target-0-100-20_3,66452396,-100,0,5,100,0,5,-95,31525,-17,21613,False,196,1171,10
638397578031519387,0,0,0,0,3,Target-0-100-20_3,66563327,-100,0,5,100,0,5,-95,31525,-17,21613,False,196,1171,10
638397578031631549,0,0,0,0,3,Target-0-100-20_3,66675489,-100,0,5,100,0,5,-95,31525,-17,21613,False,196,1171,10
638397578031743607,0,0,0,0,3,Target-0-100-20_3,66787547,-100,0,5,100,0,5,-95,31525,-17,21613,False,196,1171,10
638397578031858336,0,0,0,0,3,Target-0-100-20_3,66902276,-100,0,5,100,0,5,-95,31525,-17,21613,False,196,1171,10
638397578031963593,0,0,0,0,3,Target-0-100-20_3,67007533,-100,0,5,100,0,5,-95,31525,-17,21613,False,196,1171,10
638397578032063977,0,0,0,0,3,Target-0-100-20_3,67107917,-100,0,5,100,0,5,-95,31525,-17,21613,False,196,1171,10
638397578032189304,0,0,0,0,3,Target-0-100-20_3,67233244,-100,0,5,100,0,5,-95,31525,-17,21613,False,196,1171,10
638397578032295610,0,0,0,0,3,Target-0-100-20_3,67339550,-100,0,5,100,0,5,-95,31525,-17,21613,False,196,1171,10
638397578032405330,0,0,0,0,3,Target-0-100-20_3,67449270,-100,0,5,100,0,5,-95,31525,-17,21613,False,196,1171,10
638397578032520657,0,0,0,0,3,Target-0-100-20_3,67564597,-100,0,5,100,0,5,-95,31525,-17,21613,False,196,1171,10
638397578032628422,0,0,0,0,3,Target-0-100-20_3,67672362,-100,0,5,100,0,5,-95,31525,-17,21613,False,196,1171,10
638397578032742068,0,0,0,0,3,Target-0-100-20_3,67786008,-100,0,5,100,0,5,-95,31525,-17,21613,False,196,1171,10
638397578032852505,0,0,0,0,3,Target-0-100-20_3,67896445,-100,0,5,100,0,5,-95,31525,-14,63376,False,195,9007,10
638397578032983025,0,0,0,0,3,Target-0-100-20_3,68026965,-100,0,5,100,0,5,-95,31525,-12,05137,False,195,7181,10
638397578033073310,0,0,0,0,3,Target-0-100-20_3,68117250,-100,0,5,100,0,5,-95,31525,-9,468896,False,195,5695,10
638397578033184543,0,0,0,0,3,Target-0-100-20_3,68228483,-100,0,5,100,0,5,-92,63036,-5,595226,False,192,7268,10
638397578033300243,0,0,0,0,3,Target-0-100-20_3,68344183,-100,0,5,100,0,5,-89,94541,-0,4303669,False,189,9477,10
638397578033400577,0,0,0,0,3,Target-0-100-20_3,68444517,-100,0,5,100,0,5,-87,26045,7,316876,False,187,3845,10
638397578033520982,0,0,0,0,3,Target-0-100-20_3,68564922,-100,0,5,100,0,5,-81,89056,17,6466,False,182,697,10
638397578033629372,0,0,0,0,3,Target-0-100-20_3,68673312,-100,0,5,100,0,5,-76,52072,33,14117,False,179,5133,10
638397578033745877,0,0,0,0,3,Target-0-100-20_3,68789817,-100,0,5,100,0,5,-69,80838,53,80062,False,177,9771,10
638397578033855751,0,0,0,0,3,Target-0-100-20_3,68899691,-100,0,5,100,0,5,-65,78098,87,37214,False,187,1633,10
638397578033961098,0,0,0,0,3,Target-0-100-20_3,69005038,-100,0,5,100,0,5,-60,41109,123,5261,False,202,1562,10
638397578034077048,0,0,0,0,3,Target-0-100-20_3,69120988,-100,0,5,100,0,5,-55,04119,180,3394,False,237,4447,10
638397578034187240,0,0,0,0,3,Target-0-100-20_3,69231180,-100,0,5,100,0,5,-46,9864,235,8617,False,277,489,10
638397578034303370,0,0,0,0,3,Target-0-100-20_3,69347310,-100,0,5,100,0,5,-40,27406,305,5872,False,335,7901,10
638397578034407083,0,0,0,0,3,Target-0-100-20_3,69451023,-100,0,5,100,0,5,-36,24666,359,8181,False,384,282,10
638397578034522329,0,0,0,0,3,Target-0-100-20_3,69566269,-100,0,5,100,0,5,-30,87677,423,0876,False,442,3901,10
638397578034622826,0,0,0,0,3,Target-0-100-20_3,69666766,-100,0,5,100,0,5,-26,84937,469,5714,False,485,9205,10
638397578034744726,0,0,0,0,3,Target-0-100-20_3,69788666,-100,0,5,100,0,5,-22,82198,513,4726,False,527,4714,10
638397578034850093,0,0,0,0,3,Target-0-100-20_3,69894033,-100,0,5,100,0,5,-20,13703,536,7145,False,549,5079,10
638397578034987196,0,0,0,0,3,Target-0-100-20_3,70031136,-100,0,5,100,0,5,-18,79458,559,9563,False,571,9296,10
638397578035077956,0,0,0,0,3,Target-0-100-20_3,70121896,-100,0,5,100,0,5,-18,79458,572,8684,False,584,5663,10
638397578035178194,0,0,0,0,3,Target-0-100-20_3,70222134,-100,0,5,100,0,5,-18,79458,583,1981,False,594,6841,10
638397578035300017,0,0,0,0,3,Target-0-100-20_3,70343957,-100,0,5,100,0,5,-18,79458,594,8191,False,606,0754,10
638397578035410314,0,0,0,0,3,Target-0-100-20_3,70454254,-100,0,5,100,0,5,-18,79458,602,5664,False,613,6743,10
638397578035518552,0,0,0,0,3,Target-0-100-20_3,70562492,-100,0,5,100,0,5,-17,45208,611,6049,False,622,2895,10
638397578035629069,0,0,0,0,3,Target-0-100-20_3,70673009,-100,0,5,100,0,5,-14,76713,619,3521,False,629,4041,10
638397578035734700,0,0,0,0,3,Target-0-100-20_3,70778640,-100,0,5,100,0,5,-10,73974,627,0994,False,636,3097,10
638397578035859737,0,0,0,0,3,Target-0-100-20_3,70903677,-100,0,5,100,0,5,-9,39729,632,2642,False,641,166,10
638397578035965527,0,0,0,0,3,Target-0-100-20_3,71009467,-100,0,5,100,0,5,-6,712343,634,8467,False,643,2598,10
638397578036075703,0,0,0,0,3,Target-0-100-20_3,71119643,-100,0,5,100,0,5,-6,712343,634,8467,False,643,2598,10
638397578036182406,0,0,0,0,3,Target-0-100-20_3,71226346,-100,0,5,100,0,5,-6,712343,634,8467,False,643,2598,10
638397578036297688,0,0,0,0,3,Target-0-100-20_3,71341628,-100,0,5,100,0,5,-6,712343,634,8467,False,643,2598,10
638397578036408168,0,0,0,0,3,Target-0-100-20_3,71452108,-100,0,5,100,0,5,-6,712343,634,8467,False,643,2598,10
638397578036518618,0,0,0,0,3,Target-0-100-20_3,71562558,-100,0,5,100,0,5,-6,712343,634,8467,False,643,2598,10
638397578036619050,0,0,0,0,3,Target-0-100-20_3,71662990,-100,0,5,100,0,5,-6,712343,634,8467,False,643,2598,10
638397578036739465,0,0,0,0,3,Target-0-100-20_3,71783405,-100,0,5,100,0,5,-6,712343,630,973,False,639,4402,10
638397578036850532,0,0,0,0,3,Target-0-100-20_3,71894472,-100,0,5,100,0,5,-5,369895,628,3907,False,636,6707,10
638397578036955704,0,0,0,0,3,Target-0-100-20_3,71999644,-100,0,5,100,0,5,-4,027396,624,517,False,632,6285,10
638397578037082766,0,0,0,0,3,Target-0-100-20_3,72126706,-100,0,5,100,0,5,0,621,9345,False,629,429,10
638397578037183147,0,0,0,0,3,Target-0-100-20_3,72227087,-100,0,5,100,0,5,4,027447,616,7697,False,623,6979,10
638397578037303562,0,0,0,0,3,Target-0-100-20_3,72347502,-100,0,5,100,0,5,9,39724,614,1872,False,620,3393,10
638397578037409295,0,0,0,0,3,Target-0-100-20_3,72453235,-100,0,5,100,0,5,14,76713,610,3137,False,615,7413,10
638397578037519020,0,0,0,0,3,Target-0-100-20_3,72562960,-100,0,5,100,0,5,20,13703,607,7311,False,612,4604,10
638397578037624636,0,0,0,0,3,Target-0-100-20_3,72668576,-100,0,5,100,0,5,28,19182,606,4399,False,610,1799,10
638397578037740163,0,0,0,0,3,Target-0-100-20_3,72784103,-100,0,5,100,0,5,34,90416,603,8576,False,606,859,10
638397578037852095,0,0,0,0,3,Target-0-100-20_3,72896035,-100,0,5,100,0,5,41,6165,601,2751,False,603,6053,10
638397578037967615,0,0,0,0,3,Target-0-100-20_3,73011555,-100,0,5,100,0,5,46,9864,598,6927,False,600,5372,10
638397578038077903,0,0,0,0,3,Target-0-100-20_3,73121843,-100,0,5,100,0,5,55,04119,596,1104,False,597,3047,10
638397578038177633,0,0,0,0,3,Target-0-100-20_3,73221573,-100,0,5,100,0,5,60,41109,593,528,False,594,3479,10
638397578038298618,0,0,0,0,3,Target-0-100-20_3,73342558,-100,0,5,100,0,5,65,78098,590,9454,False,591,4361,10
638397578038402376,0,0,0,0,3,Target-0-100-20_3,73446316,-100,0,5,100,0,5,71,15088,588,3629,False,588,5704,10
638397578038523032,0,0,0,0,3,Target-0-100-20_3,73566972,-100,0,5,100,0,5,75,17822,584,4894,False,584,5167,10
638397578038628434,0,0,0,0,3,Target-0-100-20_3,73672374,-100,0,5,100,0,5,79,20567,581,9069,False,581,7787,10
638397578038738953,0,0,0,0,3,Target-0-100-20_3,73782893,-100,0,5,100,0,5,84,57556,578,0333,False,577,7393,10
638397578038855668,0,0,0,0,3,Target-0-100-20_3,73899608,-100,0,5,100,0,5,87,26045,575,4508,False,575,0919,10
638397578038962288,0,0,0,0,3,Target-0-100-20_3,74006228,-100,0,5,100,0,5,91,2879,572,8684,False,572,4347,10
638397578039077820,0,0,0,0,3,Target-0-100-20_3,74121760,-100,0,5,100,0,5,93,9728,570,2861,False,569,8179,10
638397578039188319,0,0,0,0,3,Target-0-100-20_3,74232259,-100,0,5,100,0,5,95,31525,568,9948,False,568,5141,10
638397578039298804,0,0,0,0,3,Target-0-100-20_3,74342744,-100,0,5,100,0,5,96,65769,567,7035,False,567,2133,10
638397578039409154,0,0,0,0,3,Target-0-100-20_3,74453094,-100,0,5,100,0,5,98,00025,565,121,False,564,6246,10
638397578039512700,0,0,0,0,3,Target-0-100-20_3,74556640,-100,0,5,100,0,5,100,6851,562,5388,False,562,0392,10
638397578039623055,0,0,0,0,3,Target-0-100-20_3,74666995,-100,0,5,100,0,5,103,37,559,9563,False,559,4664,10
638397578039744493,0,0,0,0,3,Target-0-100-20_3,74788433,-100,0,5,100,0,5,108,7399,557,3738,False,556,9424,10
638397578039855502,0,0,0,0,3,Target-0-100-20_3,74899442,-100,0,5,100,0,5,111,4249,554,7914,False,554,4091,10
638397578039965786,0,0,0,0,3,Target-0-100-20_3,75009726,-100,0,5,100,0,5,114,1098,553,5003,False,553,1803,10
638397578040071179,0,0,0,0,3,Target-0-100-20_3,75115119,-100,0,5,100,0,5,116,7947,552,2091,False,551,9647,10
638397578040184401,0,0,0,0,3,Target-0-100-20_3,75228341,-100,0,5,100,0,5,118,1373,552,2091,False,552,0071,10
638397578040295104,0,0,0,0,3,Target-0-100-20_3,75339044,-100,0,5,100,0,5,119,4797,552,2091,False,552,0529,10
638397578040406807,0,0,0,0,3,Target-0-100-20_3,75450747,-100,0,5,100,0,5,122,1646,552,2091,False,552,1542,10
638397578040522343,0,0,0,0,3,Target-0-100-20_3,75566283,-100,0,5,100,0,5,122,1646,552,2091,False,552,1542,10
638397578040628244,0,0,0,0,3,Target-0-100-20_3,75672184,-100,0,5,100,0,5,123,5071,552,2091,False,552,2097,10
638397578040737818,0,0,0,0,3,Target-0-100-20_3,75781758,-100,0,5,100,0,5,124,8496,553,5003,False,553,5583,10
638397578040858246,0,0,0,0,3,Target-0-100-20_3,75902186,-100,0,5,100,0,5,124,8496,556,0826,False,556,138,10
638397578040963774,0,0,0,0,3,Target-0-100-20_3,76007714,-100,0,5,100,0,5,126,1921,557,3738,False,557,4894,10
638397578041079112,0,0,0,0,3,Target-0-100-20_3,76123052,-100,0,5,100,0,5,127,5345,559,9563,False,560,1335,10
638397578041179486,0,0,0,0,3,Target-0-100-20_3,76223426,-100,0,5,100,0,5,127,5345,561,2476,False,561,4232,10
638397578041299838,0,0,0,0,3,Target-0-100-20_3,76343778,-100,0,5,100,0,5,127,5345,562,5388,False,562,7128,10
638397578041409883,0,0,0,0,3,Target-0-100-20_3,76453823,-100,0,5,100,0,5,127,5345,562,5388,False,562,7128,10
638397578041518197,0,0,0,0,3,Target-0-100-20_3,76562137,-100,0,5,100,0,5,127,5345,563,8299,False,564,0024,10
638397578041630833,0,0,0,0,3,Target-0-100-20_3,76674773,-100,0,5,100,0,5,127,5345,565,121,False,565,292,10
638397578041741208,0,0,0,0,3,Target-0-100-20_3,76785148,-100,0,5,100,0,5,127,5345,565,121,False,565,292,10
638397578041856685,0,0,0,0,3,Target-0-100-20_3,76900625,-100,0,5,100,0,5,126,1921,565,121,False,565,2282,10
638397578041962050,0,0,0,0,3,Target-0-100-20_3,77005990,-100,0,5,100,0,5,126,1921,565,121,False,565,2282,10
638397578042070852,0,0,0,0,3,Target-0-100-20_3,77114792,-100,0,5,100,0,5,126,1921,565,121,False,565,2282,10
638397578042186613,0,0,0,0,3,Target-0-100-20_3,77230553,-100,0,5,100,0,5,126,1921,565,121,False,565,2282,10
638397578042291979,0,0,0,0,3,Target-0-100-20_3,77335919,-100,0,5,100,0,5,126,1921,565,121,False,565,2282,10
638397578042422737,0,0,0,0,3,Target-0-100-20_3,77466677,-100,0,5,100,0,5,126,1921,565,121,False,565,2282,10
638397578042518643,0,0,0,0,3,Target-0-100-20_3,77562583,-100,0,5,100,0,5,126,1921,565,121,False,565,2282,10
638397578042620622,0,0,0,0,3,Target-0-100-20_3,77664562,-100,0,5,100,0,5,126,1921,565,121,False,565,2282,10
638397578042737690,0,0,0,0,3,Target-0-100-20_3,77781630,-100,0,5,100,0,5,126,1921,565,121,False,565,2282,10
638397578042847923,0,0,0,0,3,Target-0-100-20_3,77891863,-100,0,5,100,0,5,126,1921,565,121,False,565,2282,10
638397578042964276,0,0,0,0,3,Target-0-100-20_3,78008216,-100,0,5,100,0,5,126,1921,565,121,False,565,2282,10
638397578043069720,0,0,0,0,3,Target-0-100-20_3,78113660,-100,0,5,100,0,5,126,1921,565,121,False,565,2282,10
